https://www.youtube.com/embed/K5YO607enLo, Cute Micro Pig, Lorem ipsum dolor sit amet consectetur adipisicing elit. Aperiam at deleniti esse illo laboriosam maiores numquam omnis quis vitae voluptatem! Architecto dicta est id iure maxime placeat quibusdam sequi voluptate., #sillyPigs!, Mr. Porky, abc@gmail.com
https://www.youtube.com/embed/80Ey06g5VIE, Mini Pig, Lorem ipsum dolor sit amet consectetur adipisicing elit. Aperiam at deleniti esse illo laboriosam maiores numquam omnis quis vitae voluptatem! Architecto dicta est id iure maxime placeat quibusdam sequi voluptate., #cutePigs!, Chester Beef Bottom,  abc@gmail.com
https://www.youtube.com/embed/0vmS-T13T7E, Why you shouldn't get a mini pig, Lorem ipsum dolor sit amet consectetur adipisicing elit. Aperiam at deleniti esse illo laboriosam maiores numquam omnis quis vitae voluptatem! Architecto dicta est id iure maxime placeat quibusdam sequi voluptate., #cutePigs!, Chamilton, abc@gmail.com
https://www.youtube.com/embed/0HKvBh-W1tg, Cute Baby Micro Teacup Pig,Lorem ipsum dolor sit amet consectetur adipisicing elit. Aperiam at deleniti esse illo laboriosam maiores numquam omnis quis vitae voluptatem! Architecto dicta est id iure maxime placeat quibusdam sequi voluptate., #cutePigs!, User1, abc@gmail.com
https://www.youtube.com/embed/bRfkD4n2NOE, The Truth About Micro Pigs,Lorem ipsum dolor sit amet consectetur adipisicing elit. Aperiam at deleniti esse illo laboriosam maiores numquam omnis quis vitae voluptatem! Architecto dicta est id iure maxime placeat quibusdam sequi voluptate., #cutePigs!, User2, abc@gmail.com
https://www.youtube.com/embed/PBJgCDBx2bU, my best friend hank, Lorem ipsum dolor sit amet consectetur adipisicing elit. Aperiam at deleniti esse illo laboriosam maiores numquam omnis quis vitae voluptatem! Architecto dicta est id iure maxime placeat quibusdam sequi voluptate., #cutePigs!, User3,abc@gmail.com
https://www.youtube.com/embed/Ikw5HhxC5UM, Cute Micro Pig - A Cute Mini Pig Videos Compilation 2015,Lorem ipsum dolor sit amet consectetur adipisicing elit. Aperiam at deleniti esse illo laboriosam maiores numquam omnis quis vitae voluptatem! Architecto dicta est id iure maxime placeat quibusdam sequi voluptate., #cutePigs!, User4, abc@gmail.com
https://www.youtube.com/embed/_tfY1CBGVH0, This Couple Accidentally Adopted A 650lb 'Mini Pig', Lorem ipsum dolor sit amet consectetur adipisicing elit. Aperiam at deleniti esse illo laboriosam maiores numquam omnis quis vitae voluptatem! Architecto dicta est id iure maxime placeat quibusdam sequi voluptate., #cutePigs!, User5, abc@gmail.com
https://www.youtube.com/embed/HbaIfdEAkII, Did you know that PIGS CAN BE SO FUNNY?, Lorem ipsum dolor sit amet consectetur adipisicing elit. Aperiam at deleniti esse illo laboriosam maiores numquam omnis quis vitae voluptatem! Architecto dicta est id iure maxime placeat quibusdam sequi voluptate., #cutePigs!, User6, abc@gmail.com
https://www.youtube.com/embed/AvuG2oWhdKQ,Funny and Cute Piggy Videos Compilation 2019, Lorem ipsum dolor sit amet consectetur adipisicing elit. Aperiam at deleniti esse illo laboriosam maiores numquam omnis quis vitae voluptatem! Architecto dicta est id iure maxime placeat quibusdam sequi voluptate., #cutePigs!, User7, abc@gmail.com
https://www.youtube.com/embed/fYq5PXgSsbE, Dupa, sdgsdg, #WOW, noob, chrisphilipniznik@gmail.com
https://www.youtube.com/embed/fYq5PXgSsbE, Dupa, sdgsdg, #WOW, noob, chrisphilipniznik@gmail.com
https://www.youtube.com/embed/fYq5PXgSsbE,Dupa,fsdgsdgs,#WOW,noob,chrisphilipniznik@gmail.com
